INSERT INTO `ar_attribute` (`attribute_id`, `attribute_group_id`, `sort_order`) VALUES
(1, 6, 1),
(2, 6, 5),
(3, 6, 3),
(4, 3, 1),
(5, 3, 2),
(6, 3, 3),
(7, 3, 4),
(8, 3, 5),
(9, 3, 6),
(10, 3, 7),
(11, 3, 8);

INSERT INTO `ar_attribute_description` (`attribute_id`, `language_id`, `name`) VALUES
(1, 1, 'Description'),
(2, 1, 'Pattern'),
(3, 1, 'Material'),
(4, 1, 'test 1'),
(5, 1, 'test 2'),
(6, 1, 'test 3'),
(7, 1, 'test 4'),
(8, 1, 'test 5'),
(9, 1, 'test 6'),
(10, 1, 'test 7'),
(11, 1, 'test 8');

INSERT INTO `ar_attribute_group` (`attribute_group_id`, `sort_order`) VALUES
(3, 2),
(6, 4);

INSERT INTO `ar_attribute_group_description` (`attribute_group_id`, `language_id`, `name`) VALUES
(3, 1, 'Style'),
(6, 1, 'Fabric');

INSERT INTO `ar_banner` (`banner_id`, `name`, `status`) VALUES
(7, 'Home Page Slideshow', 1),
(8, 'Manufacturers', 1);

INSERT INTO `ar_banner_image` (`banner_image_id`, `banner_id`, `language_id`, `title`, `link`, `image`, `sort_order`) VALUES
(108, 8, 1, 'BellField', '', 'catalog/demo/manufacturer/bellfield.jpg', 0),
(109, 8, 1, 'BONDS', '', 'catalog/demo/manufacturer/bonds.jpg', 0),
(110, 8, 1, 'EDWIN', '', 'catalog/demo/manufacturer/edwin.jpg', 0),
(111, 8, 1, 'Minimum', '', 'catalog/demo/manufacturer/minimum.jpg', 0),
(112, 8, 1, 'OBEY', '', 'catalog/demo/manufacturer/obey.jpg', 0),
(113, 8, 1, 'SKAGEN', '', 'catalog/demo/manufacturer/skagen.jpg', 0),
(114, 8, 1, 'Spiral', '', 'catalog/demo/manufacturer/spiral.jpg', 0),
(115, 8, 1, 'SUPRA', '', 'catalog/demo/manufacturer/supra.jpg', 0),
(116, 8, 1, 'Timberland', '', 'catalog/demo/manufacturer/timberland.jpg', 0),
(117, 8, 1, 'Wrangler', '', 'catalog/demo/manufacturer/wrangler.jpg', 0),
(118, 7, 1, 'Slide 1', 'index.php?route=product/product&amp;path=18_46&amp;product_id=47', 'catalog/demo/banners/slide-1.jpg', 0),
(119, 7, 1, 'Slide 2', 'index.php?route=product/product&amp;path=34&amp;product_id=48', 'catalog/demo/banners/slide-2.jpg', 0);

INSERT INTO `ar_blog_category` (`category_id`, `image`, `parent_id`, `top`, `sort_order`, `status`, `date_added`, `date_modified`) VALUES
(1, '', 0, 0, 0, 1, '2017-04-06 14:06:13', '0000-00-00 00:00:00');

INSERT INTO `ar_blog_category_description` (`category_id`, `language_id`, `name`, `description`, `meta_title`, `meta_description`, `meta_keyword`) VALUES
(1, 1, 'General', '', 'General', '', '');

INSERT INTO `ar_blog_category_path` (`category_id`, `path_id`, `level`) VALUES
(1, 1, 0);

INSERT INTO `ar_blog_category_to_layout` (`category_id`, `store_id`, `layout_id`) VALUES
(1, 0, 0);

INSERT INTO `ar_blog_category_to_store` (`category_id`, `store_id`) VALUES
(1, 0);

INSERT INTO `ar_blog_comment` (`comment_id`, `post_id`, `customer_id`, `email`, `author`, `text`, `status`, `date_added`, `date_modified`) VALUES
(1, 1, 0, 'test@test.com', 'Denis', 'Hey, this is cool! I like it.', 1, '2017-04-06 14:54:56', '0000-00-00 00:00:00'),
(2, 2, 0, 'test@test2.com', 'Cüneyt Şentürk', 'This release is awesome! I will update my store as soon as possible.', 1, '2017-04-06 14:55:32', '0000-00-00 00:00:00');

INSERT INTO `ar_blog_post` (`post_id`, `allow_comment`, `featured`, `viewed`, `image`, `author`, `date_available`, `sort_order`, `status`, `date_added`, `date_modified`) VALUES
(1, 1, 1, 21, 'catalog/demo/blog/yet-another.jpg', 'Cüneyt Şentürk', '2017-04-06', 0, 1, '2017-04-06 14:13:54', '2017-04-06 14:26:07'),
(2, 1, 0, 9, 'catalog/demo/blog/arastta.jpg', 'Enes Ertuğrul', '2017-04-06', 0, 1, '2017-04-06 14:31:03', '2017-04-06 15:34:24'),
(3, 1, 1, 6, 'catalog/demo/blog/big-thing-arastta.jpg', 'Denis Duliçi', '2017-04-06', 0, 1, '2017-04-06 15:00:51', '0000-00-00 00:00:00');

INSERT INTO `ar_blog_post_description` (`post_id`, `language_id`, `name`, `description`, `tag`, `meta_title`, `meta_description`, `meta_keyword`) VALUES
(1, 1, 'Yet another great post', '&lt;p&gt;Pellentesque habitant morbi tristique senectus et netus et malesuada fames ac turpis egestas. Vestibulum tortor quam, feugiat vitae, ultricies eget, tempor sit amet, ante. Donec eu libero sit amet quam egestas semper. Aenean ultricies mi vitae est. Mauris placerat eleifend leo.&lt;/p&gt;\r\n&lt;h1&gt;HTML Ipsum Presents&lt;/h1&gt;\r\n&lt;p&gt;&lt;strong&gt;Pellentesque habitant morbi tristique&lt;/strong&gt; senectus et netus et malesuada fames ac turpis egestas. Vestibulum tortor quam, feugiat vitae, ultricies eget, tempor sit amet, ante. Donec eu libero sit amet quam egestas semper. &lt;em&gt;Aenean ultricies mi vitae est.&lt;/em&gt; Mauris placerat eleifend leo. Quisque sit amet est et sapien ullamcorper pharetra. Vestibulum erat wisi, condimentum sed, &lt;code&gt;commodo vitae&lt;/code&gt;, ornare sit amet, wisi. Aenean fermentum, elit eget tincidunt condimentum, eros ipsum rutrum orci, sagittis tempus lacus enim ac dui. &lt;a href=&quot;#&quot;&gt;Donec non enim&lt;/a&gt; in turpis pulvinar facilisis. Ut felis.&lt;/p&gt;\r\n&lt;h2&gt;Header Level 2&lt;/h2&gt;\r\n&lt;ol&gt;\r\n&lt;li&gt;Lorem ipsum dolor sit amet, consectetuer adipiscing elit.&lt;/li&gt;\r\n&lt;li&gt;Aliquam tincidunt mauris eu risus.&lt;/li&gt;\r\n&lt;/ol&gt;\r\n&lt;blockquote&gt;\r\n&lt;p&gt;Lorem ipsum dolor sit amet, consectetur adipiscing elit. Vivamus magna. Cras in mi at felis aliquet congue. Ut a est eget ligula molestie gravida. Curabitur massa. Donec eleifend, libero at sagittis mollis, tellus est malesuada tellus, at luctus turpis elit sit amet quam. Vivamus pretium ornare est.&lt;/p&gt;\r\n&lt;/blockquote&gt;\r\n&lt;h3&gt;Header Level 3&lt;/h3&gt;\r\n&lt;ul&gt;\r\n&lt;li&gt;Lorem ipsum dolor sit amet, consectetuer adipiscing elit.&lt;/li&gt;\r\n&lt;li&gt;Aliquam tincidunt mauris eu risus.&lt;/li&gt;\r\n&lt;/ul&gt;', 'tag 1,tag 2,tag 3', 'Yet another great post', '', ''),
(2, 1, 'Arastta 1.6 Released', '&lt;p&gt;Aenean fermentum, elit eget tincidunt condimentum, eros ipsum rutrum orci, sagittis netus et malesuada fames ac turpis egestas. Vestibulum tortor quam, feugiat vitae, ultricies eget, tempor sit amet, ante. Donec eu libero sit amet quam egestas semper. Aenean ultricies mi vitae est. Mauris placerat eleifend leo.&lt;/p&gt;\r\n&lt;h1&gt;HTML Ipsum Presents&lt;/h1&gt;\r\n&lt;p&gt;&lt;strong&gt;Pellentesque habitant morbi tristique&lt;/strong&gt; senectus et netus et malesuada fames ac turpis egestas. Vestibulum tortor quam, feugiat vitae, ultricies eget, tempor sit amet, ante. Donec eu libero sit amet quam egestas semper. &lt;em&gt;Aenean ultricies mi vitae est.&lt;/em&gt; Mauris placerat eleifend leo. Quisque sit amet est et sapien ullamcorper pharetra. Vestibulum erat wisi, condimentum sed, &lt;code&gt;commodo vitae&lt;/code&gt;, ornare sit amet, wisi. Aenean fermentum, elit eget tincidunt condimentum, eros ipsum rutrum orci, sagittis tempus lacus enim ac dui. &lt;a href=&quot;#&quot;&gt;Donec non enim&lt;/a&gt; in turpis pulvinar facilisis. Ut felis.&lt;/p&gt;\r\n&lt;h2&gt;Header Level 2&lt;/h2&gt;\r\n&lt;ol&gt;\r\n&lt;li&gt;Lorem ipsum dolor sit amet, consectetuer adipiscing elit.&lt;/li&gt;\r\n&lt;li&gt;Aliquam tincidunt mauris eu risus.&lt;/li&gt;\r\n&lt;/ol&gt;\r\n&lt;blockquote&gt;\r\n&lt;p&gt;Lorem ipsum dolor sit amet, consectetur adipiscing elit. Vivamus magna. Cras in mi at felis aliquet congue. Ut a est eget ligula molestie gravida. Curabitur massa. Donec eleifend, libero at sagittis mollis, tellus est malesuada tellus, at luctus turpis elit sit amet quam. Vivamus pretium ornare est.&lt;/p&gt;\r\n&lt;/blockquote&gt;\r\n&lt;h3&gt;Header Level 3&lt;/h3&gt;\r\n&lt;ul&gt;\r\n&lt;li&gt;Lorem ipsum dolor sit amet, consectetuer adipiscing elit.&lt;/li&gt;\r\n&lt;li&gt;Aliquam tincidunt mauris eu risus.&lt;/li&gt;\r\n&lt;/ul&gt;', '', 'Arastta 1.6 Released', '', ''),
(3, 1, 'The next big Arastta thing ;)', '&lt;p&gt;Aenean fermentum, elit eget tincidunt condimentum, eros ipsum rutrum orci, sagittis netus et malesuada fames ac turpis egestas. Vestibulum tortor quam, feugiat vitae, ultricies eget, tempor sit amet, ante. Donec eu libero sit amet quam egestas semper. Aenean ultricies mi vitae est. Mauris placerat eleifend leo.&lt;/p&gt;\r\n&lt;h1&gt;HTML Ipsum Presents&lt;/h1&gt;\r\n&lt;p&gt;&lt;strong&gt;Pellentesque habitant morbi tristique&lt;/strong&gt; senectus et netus et malesuada fames ac turpis egestas. Vestibulum tortor quam, feugiat vitae, ultricies eget, tempor sit amet, ante. Donec eu libero sit amet quam egestas semper. &lt;em&gt;Aenean ultricies mi vitae est.&lt;/em&gt; Mauris placerat eleifend leo. Quisque sit amet est et sapien ullamcorper pharetra. Vestibulum erat wisi, condimentum sed, &lt;code&gt;commodo vitae&lt;/code&gt;, ornare sit amet, wisi. Aenean fermentum, elit eget tincidunt condimentum, eros ipsum rutrum orci, sagittis tempus lacus enim ac dui. &lt;a href=&quot;#&quot;&gt;Donec non enim&lt;/a&gt; in turpis pulvinar facilisis. Ut felis.&lt;/p&gt;\r\n&lt;h2&gt;Header Level 2&lt;/h2&gt;\r\n&lt;ol&gt;\r\n&lt;li&gt;Lorem ipsum dolor sit amet, consectetuer adipiscing elit.&lt;/li&gt;\r\n&lt;li&gt;Aliquam tincidunt mauris eu risus.&lt;/li&gt;\r\n&lt;/ol&gt;\r\n&lt;blockquote&gt;\r\n&lt;p&gt;Lorem ipsum dolor sit amet, consectetur adipiscing elit. Vivamus magna. Cras in mi at felis aliquet congue. Ut a est eget ligula molestie gravida. Curabitur massa. Donec eleifend, libero at sagittis mollis, tellus est malesuada tellus, at luctus turpis elit sit amet quam. Vivamus pretium ornare est.&lt;/p&gt;\r\n&lt;/blockquote&gt;\r\n&lt;h3&gt;Header Level 3&lt;/h3&gt;\r\n&lt;ul&gt;\r\n&lt;li&gt;Lorem ipsum dolor sit amet, consectetuer adipiscing elit.&lt;/li&gt;\r\n&lt;li&gt;Aliquam tincidunt mauris eu risus.&lt;/li&gt;\r\n&lt;/ul&gt;', '', 'The next big Arastta thing ;)', '', '');

INSERT INTO `ar_blog_post_to_category` (`post_id`, `category_id`) VALUES
(1, 1),
(2, 1),
(3, 1);

INSERT INTO `ar_blog_post_to_layout` (`post_id`, `store_id`, `layout_id`) VALUES
(1, 0, 0),
(2, 0, 0),
(3, 0, 0);

INSERT INTO `ar_blog_post_to_store` (`post_id`, `store_id`) VALUES
(1, 0),
(2, 0),
(3, 0);

INSERT INTO `ar_category` (`category_id`, `image`, `parent_id`, `top`, `column`, `sort_order`, `status`, `date_added`, `date_modified`) VALUES
(18, '', 0, 1, 0, 2, 1, '2015-05-18 00:00:00', '2016-04-18 14:16:22'),
(20, '', 0, 1, 1, 1, 1, '2015-05-18 00:00:00', '2016-04-18 14:12:38'),
(24, '', 0, 1, 1, 5, 1, '2015-05-18 00:00:00', '2016-04-18 14:25:37'),
(25, '', 0, 1, 1, 3, 1, '2015-05-18 00:00:00', '2016-04-26 10:33:25'),
(26, '', 20, 1, 0, 1, 1, '2015-05-18 00:00:00', '2016-04-26 10:29:55'),
(27, '', 20, 1, 0, 2, 1, '2015-05-18 00:00:00', '2016-04-26 10:31:06'),
(28, '', 25, 1, 0, 1, 1, '2015-05-18 00:00:00', '2016-04-26 10:35:10'),
(29, '', 25, 1, 0, 1, 1, '2015-05-18 00:00:00', '2016-04-26 10:33:39'),
(30, '', 25, 1, 0, 1, 1, '2015-05-18 00:00:00', '2016-04-26 10:33:53'),
(31, '', 25, 1, 0, 1, 1, '2015-05-18 00:00:00', '2016-04-26 10:34:10'),
(32, '', 25, 1, 0, 1, 1, '2015-05-18 00:00:00', '2016-04-26 10:34:31'),
(33, '', 0, 1, 1, 6, 1, '2015-05-18 00:00:00', '2016-04-18 14:26:18'),
(34, '', 0, 1, 4, 7, 1, '2015-05-18 00:00:00', '2016-04-18 14:24:02'),
(35, '', 28, 0, 0, 0, 1, '2015-05-18 00:00:00', '2015-05-18 00:00:00'),
(36, '', 28, 0, 0, 0, 1, '2015-05-18 00:00:00', '2015-05-18 00:00:00'),
(37, '', 34, 1, 0, 0, 1, '2015-05-18 00:00:00', '2015-05-18 00:00:00'),
(38, '', 34, 1, 0, 0, 1, '2015-05-18 00:00:00', '2015-05-18 00:00:00'),
(39, '', 34, 1, 0, 0, 1, '2015-05-18 00:00:00', '2015-05-18 00:00:00'),
(40, '', 34, 1, 0, 0, 1, '2015-05-18 00:00:00', '2015-05-18 00:00:00'),
(41, '', 34, 1, 0, 0, 1, '2015-05-18 00:00:00', '2015-05-18 00:00:00'),
(42, '', 34, 1, 0, 0, 1, '2015-05-18 00:00:00', '2015-05-18 00:00:00'),
(43, '', 34, 1, 0, 0, 1, '2015-05-18 00:00:00', '2015-05-18 00:00:00'),
(44, '', 34, 1, 0, 0, 1, '2015-05-18 00:00:00', '2015-05-18 00:00:00'),
(45, '', 18, 1, 0, 0, 1, '2015-05-18 00:00:00', '2016-04-26 10:32:34'),
(46, '', 18, 1, 0, 0, 1, '2015-05-18 00:00:00', '2016-04-26 10:32:50'),
(47, '', 34, 1, 0, 0, 1, '2015-05-18 00:00:00', '2015-05-18 00:00:00'),
(48, '', 34, 1, 0, 0, 1, '2015-05-18 00:00:00', '2015-05-18 00:00:00'),
(49, '', 34, 1, 0, 0, 1, '2015-05-18 00:00:00', '2015-05-18 00:00:00'),
(50, '', 34, 1, 0, 0, 1, '2015-05-18 00:00:00', '2015-05-18 00:00:00'),
(51, '', 34, 1, 0, 0, 1, '2015-05-18 00:00:00', '2015-05-18 00:00:00'),
(52, '', 34, 1, 0, 0, 1, '2015-05-18 00:00:00', '2015-05-18 00:00:00'),
(53, '', 34, 1, 0, 0, 1, '2015-05-18 00:00:00', '2015-05-18 00:00:00'),
(54, '', 34, 1, 0, 0, 1, '2015-05-18 00:00:00', '2015-05-18 00:00:00'),
(55, '', 34, 1, 0, 0, 1, '2015-05-18 00:00:00', '2015-05-18 00:00:00'),
(56, '', 34, 1, 0, 0, 1, '2015-05-18 00:00:00', '2015-05-18 00:00:00'),
(58, '', 52, 0, 0, 0, 1, '2015-05-18 00:00:00', '2015-05-18 00:00:00'),
(59, '', 0, 1, 1, 0, 1, '2015-05-18 00:00:00', '2016-04-26 10:36:55');

INSERT INTO `ar_category_description` (`category_id`, `language_id`, `name`, `description`, `meta_title`, `meta_description`, `meta_keyword`) VALUES
(18, 1, 'Pants', '&lt;p&gt;Lorem ipsum dolor sit amet, consectetur adipiscing elit. Vestibulum nec est non dui posuere fermentum. In varius sem a viverra malesuada. Sed vitae congue sapien. Vivamus condimentum sagittis elit, ac commodo enim efficitur ultricies. Mauris venenatis dapibus risus, in vehicula ligula pulvinar sit amet.&lt;/p&gt;&lt;p&gt;Mauris egestas tellus vel dui aliquet vehicula. In in purus eu urna tempor maximus. Vivamus faucibus tincidunt odio sed scelerisque. Nulla laoreet lectus sit amet nibh suscipit vestibulum. Phasellus ac enim massa. Vivamus blandit nulla justo, non imperdiet diam sollicitudin vel. Maecenas accumsan aliquet enim, pulvinar mattis metus euismod quis. Vivamus mauris mi, vestibulum a semper fermentum, venenatis ac nulla. &lt;br&gt;&lt;/p&gt;\r\n', 'Pants', '', ''),
(20, 1, 'Shoes', '&lt;p&gt;Lorem ipsum dolor sit amet, consectetur adipiscing elit. Vestibulum nec \r\nest non dui posuere fermentum. In varius sem a viverra malesuada. Sed \r\nvitae congue sapien. Vivamus condimentum sagittis elit, ac commodo enim \r\nefficitur ultricies. Mauris venenatis dapibus risus, in vehicula ligula \r\npulvinar sit amet. Mauris egestas tellus vel dui aliquet vehicula. In in\r\n purus eu urna tempor maximus. Vivamus faucibus tincidunt odio sed \r\nscelerisque.&lt;/p&gt;', 'Shoes', 'Example of category description', ''),
(24, 1, 'Bags', '&lt;p&gt;Lorem ipsum dolor sit amet, consectetur adipiscing elit. Vestibulum nec est non dui posuere fermentum.&lt;/p&gt;', 'Bags', '', ''),
(25, 1, 'Shirts', '&lt;p&gt;Lorem ipsum dolor sit amet, consectetur adipiscing elit.&lt;br&gt;&lt;/p&gt;', 'Shirts', '', ''),
(26, 1, 'Casual', '&lt;p&gt;Lorem ipsum dolor sit amet, consectetur adipiscing elit. Nam malesuada molestie suscipit.&lt;br&gt;&lt;/p&gt;', 'Casual', '', ''),
(27, 1, 'Sport', '&lt;p&gt;Lorem ipsum dolor sit amet, consectetur adipiscing elit. Duis ornare, sed placerat neque urna a sem.&lt;br&gt;&lt;/p&gt;', 'Sport', '', ''),
(28, 1, 'Striped', '&lt;p&gt;Maecenas vitae malesuada nulla. Vestibulum auctor dui elit, non blandit sapien accumsan in.&lt;br&gt;&lt;/p&gt;', 'Striped', '', ''),
(29, 1, 'Animal', '&lt;p&gt;Sed facilisis et sem eget pulvinar. Pellentesque vulputate tempor lectus, id varius dui pharetra mattis.&lt;br&gt;&lt;/p&gt;', 'Animal', '', ''),
(30, 1, 'Character', '&lt;p&gt;Nullam nec dolor bibendum, lacinia metus sit amet, sagittis ligula.&lt;br&gt;&lt;/p&gt;', 'Character', '', ''),
(31, 1, 'Modern', '&lt;p&gt;Donec erat ipsum, scelerisque sed lobortis ut, porta viverra nisi. Nulla rhoncus sem non mi tincidunt luctus.&lt;br&gt;&lt;/p&gt;', 'Modern', '', ''),
(32, 1, 'Solid', '&lt;p&gt;Sed non volutpat dui. Morbi congue egestas dolor et malesuada.&lt;br&gt;&lt;/p&gt;', 'Solid', '', ''),
(33, 1, 'Hats', '&lt;p&gt;Lorem ipsum dolor sit amet, consectetur adipiscing elit. Vestibulum nec est non dui posuere fermentum. In varius sem a viverra malesuada. Sed vitae congue sapien.&lt;/p&gt;', 'Hats', '', ''),
(34, 1, 'Jackets', '&lt;p&gt;Lorem ipsum dolor sit amet, consectetur adipiscing elit. Vestibulum nec est non dui posuere fermentum. In varius sem a viverra malesuada. Sed vitae congue sapien.&lt;/p&gt;', 'Jackets', '', ''),
(35, 1, 'test 1', '', '', '', ''),
(36, 1, 'test 2', '', '', '', ''),
(37, 1, 'test 5', '', '', '', ''),
(38, 1, 'test 4', '', '', '', ''),
(39, 1, 'test 6', '', '', '', ''),
(40, 1, 'test 7', '', '', '', ''),
(41, 1, 'test 8', '', '', '', ''),
(42, 1, 'test 9', '', '', '', ''),
(43, 1, 'test 11', '', '', '', ''),
(44, 1, 'test 12', '', '', '', ''),
(45, 1, 'Men', '&lt;p&gt;Lorem ipsum dolor sit amet, consectetur adipiscing elit. Suspendisse et velit sed nunc aliquet lacinia.&lt;br&gt;&lt;/p&gt;', 'Men', '', ''),
(46, 1, 'Women', '&lt;p&gt;Lorem ipsum dolor sit amet, consectetur adipiscing elit. Quisque dapibus finibus facilisis.&lt;br&gt;&lt;/p&gt;', 'Women', '', ''),
(47, 1, 'test 15', '', '', '', ''),
(48, 1, 'test 16', '', '', '', ''),
(49, 1, 'test 17', '', '', '', ''),
(50, 1, 'test 18', '', '', '', ''),
(51, 1, 'test 19', '', '', '', ''),
(52, 1, 'test 20', '', '', '', ''),
(53, 1, 'test 21', '', '', '', ''),
(54, 1, 'test 22', '', '', '', ''),
(55, 1, 'test 23', '', '', '', ''),
(56, 1, 'test 24', '', '', '', ''),
(58, 1, 'test 25', '', '', '', ''),
(59, 1, 'Watches', '&lt;p&gt;Lorem ipsum dolor sit amet, consectetur adipiscing elit. Donec laoreet est ex, eu varius libero semper ac. Donec blandit efficitur semper. Phasellus eget egestas tellus, et ullamcorper lacus.&lt;br&gt;&lt;/p&gt;', 'Watches', '', '');

INSERT INTO `ar_category_path` (`category_id`, `path_id`, `level`) VALUES
(18, 18, 0),
(20, 20, 0),
(24, 24, 0),
(25, 25, 0),
(26, 20, 0),
(26, 26, 1),
(27, 20, 0),
(27, 27, 1),
(28, 25, 0),
(28, 28, 1),
(29, 25, 0),
(29, 29, 1),
(30, 25, 0),
(30, 30, 1),
(31, 25, 0),
(31, 31, 1),
(32, 25, 0),
(32, 32, 1),
(33, 33, 0),
(34, 34, 0),
(35, 25, 0),
(35, 28, 1),
(35, 35, 2),
(36, 25, 0),
(36, 28, 1),
(36, 36, 2),
(37, 34, 0),
(37, 37, 1),
(38, 34, 0),
(38, 38, 1),
(39, 34, 0),
(39, 39, 1),
(40, 34, 0),
(40, 40, 1),
(41, 34, 0),
(41, 41, 1),
(42, 34, 0),
(42, 42, 1),
(43, 34, 0),
(43, 43, 1),
(44, 34, 0),
(44, 44, 1),
(45, 18, 0),
(45, 45, 1),
(46, 18, 0),
(46, 46, 1),
(47, 34, 0),
(47, 47, 1),
(48, 34, 0),
(48, 48, 1),
(49, 34, 0),
(49, 49, 1),
(50, 34, 0),
(50, 50, 1),
(51, 34, 0),
(51, 51, 1),
(52, 34, 0),
(52, 52, 1),
(53, 34, 0),
(53, 53, 1),
(54, 34, 0),
(54, 54, 1),
(55, 34, 0),
(55, 55, 1),
(56, 34, 0),
(56, 56, 1),
(58, 34, 0),
(58, 52, 1),
(58, 58, 2),
(59, 59, 0);

INSERT INTO `ar_category_to_store` (`category_id`, `store_id`) VALUES
(18, 0),
(20, 0),
(24, 0),
(25, 0),
(26, 0),
(27, 0),
(28, 0),
(29, 0),
(30, 0),
(31, 0),
(32, 0),
(33, 0),
(34, 0),
(35, 0),
(36, 0),
(37, 0),
(38, 0),
(39, 0),
(40, 0),
(41, 0),
(42, 0),
(43, 0),
(44, 0),
(45, 0),
(46, 0),
(47, 0),
(48, 0),
(49, 0),
(50, 0),
(51, 0),
(52, 0),
(53, 0),
(54, 0),
(55, 0),
(56, 0),
(58, 0),
(59, 0);

INSERT INTO `ar_coupon` (`coupon_id`, `name`, `code`, `type`, `discount`, `logged`, `shipping`, `total`, `date_start`, `date_end`, `uses_total`, `uses_customer`, `status`, `date_added`) VALUES
(4, '-10% Discount', '2222', 'P', '10.0000', 0, 0, '0.0000', '2015-05-17', '2020-01-01', 10, '10', 0, '2015-05-18 00:00:00'),
(5, 'Free Shipping', '3333', 'P', '0.0000', 0, 1, '100.0000', '2015-05-17', '2020-01-01', 10, '10', 0, '2015-05-18 00:00:00'),
(6, '-10.00 Discount', '1111', 'F', '10.0000', 0, 0, '10.0000', '2015-05-17', '2020-01-01', 100000, '10000', 0, '2015-05-18 00:00:00');

INSERT INTO `ar_geo_zone` (`geo_zone_id`, `name`, `description`, `date_modified`, `date_added`) VALUES
(3, 'UK VAT Zone', 'UK VAT', '2015-05-18 00:00:00', '2015-05-18 00:00:00'),
(4, 'UK Shipping', 'UK Shipping Zones', '2015-05-18 00:00:00', '2015-05-18 00:00:00');

INSERT INTO `ar_information` (`information_id`, `bottom`, `sort_order`, `status`) VALUES
(3, 1, 3, 1),
(4, 1, 1, 1),
(5, 1, 4, 1),
(6, 1, 2, 1);

INSERT INTO `ar_information_description` (`information_id`, `language_id`, `title`, `description`, `meta_title`, `meta_description`, `meta_keyword`) VALUES
(3, 1, 'Privacy Policy', '&lt;p&gt;\r\n	Privacy Policy&lt;/p&gt;\r\n', '', '', ''),
(4, 1, 'About Us', '&lt;p&gt;\r\n	About Us&lt;/p&gt;\r\n', '', '', ''),
(5, 1, 'Terms &amp; Conditions', '&lt;p&gt;\r\n	Terms &amp;amp; Conditions&lt;/p&gt;\r\n', '', '', ''),
(6, 1, 'Delivery Information', '&lt;p&gt;\r\n	Delivery Information&lt;/p&gt;\r\n', '', '', '');

INSERT INTO `ar_information_to_store` (`information_id`, `store_id`) VALUES
(3, 0),
(4, 0),
(5, 0),
(6, 0);

INSERT INTO `ar_layout_module` (`layout_module_id`, `layout_id`, `code`, `position`, `sort_order`) VALUES
(2, 4, '0', 'content_top', 0),
(3, 4, '0', 'content_top', 1),
(20, 5, '0', 'column_left', 2),
(68, 6, 'account', 'column_right', 1),
(69, 10, 'affiliate', 'column_right', 1),
(72, 3, 'category', 'column_left', 1),
(73, 3, 'banner.30', 'column_left', 2),
(346, 1, 'slideshow.27', 'top', 1),
(347, 1, 'featured.28', 'content_top', 2),
(348, 1, 'html.34', 'bottom_a', 0),
(349, 1, 'latest.32', 'bottom_b', 3),
(350, 1, 'carousel.29', 'bottom_b', 4),
(351, 1, 'html.33', 'bottom_c', 5),
(352, 15, 'blog_latest.35', 'column_right', 0),
(353, 16, 'blog_comment.36', 'column_right', 0);

INSERT INTO `ar_manufacturer` (`manufacturer_id`, `image`, `sort_order`, `status`, `date_added`, `date_modified`) VALUES
(5, 'catalog/demo/manufacturer/obey.jpg', 0, 1, '2015-05-18 00:00:00', '2016-04-19 08:22:16'),
(6, 'catalog/demo/manufacturer/timberland.jpg', 0, 1, '2015-05-18 00:00:00', '2016-04-19 08:24:03'),
(7, 'catalog/demo/manufacturer/minimum.jpg', 0, 1, '2015-05-18 00:00:00', '2016-04-19 08:21:48'),
(8, 'catalog/demo/manufacturer/wrangler.jpg', 0, 1, '2015-05-18 00:00:00', '2016-04-19 08:19:29'),
(9, 'catalog/demo/manufacturer/bellfield.jpg', 0, 1, '2015-05-18 00:00:00', '2016-04-19 08:20:37'),
(10, 'catalog/demo/manufacturer/bonds.jpg', 0, 1, '2015-05-18 00:00:00', '2016-04-19 08:20:58'),
(11, 'catalog/demo/manufacturer/edwin.jpg', 0, 1, '2015-05-18 00:00:00', '2016-04-19 08:21:24'),
(12, 'catalog/demo/manufacturer/skagen.jpg', 0, 1, '2015-05-18 00:00:00', '2016-04-19 08:22:43'),
(13, 'catalog/demo/manufacturer/supra.jpg', 0, 1, '2015-05-18 00:00:00', '2016-04-19 08:23:37'),
(14, 'catalog/demo/manufacturer/spiral.jpg', 0, 1, '2015-05-18 00:00:00', '2016-04-19 08:23:08');

INSERT INTO `ar_manufacturer_description` (`manufacturer_id`, `language_id`, `name`, `description`, `meta_title`, `meta_description`, `meta_keyword`) VALUES
(5, 1, 'OBEY', '&lt;p&gt;&lt;br&gt;&lt;/p&gt;', 'OBEY', '', ''),
(6, 1, 'Timberland', '&lt;p&gt;&lt;br&gt;&lt;/p&gt;', 'Timberland', '', ''),
(7, 1, 'Minimum', '&lt;p&gt;&lt;br&gt;&lt;/p&gt;', 'Minimum', '', ''),
(8, 1, 'Wrangler', '&lt;p&gt;&lt;br&gt;&lt;/p&gt;', 'Wrangler', '', ''),
(9, 1, 'BellField', '&lt;p&gt;&lt;br&gt;&lt;/p&gt;', 'BellField', '', ''),
(10, 1, 'BONDS', '&lt;p&gt;&lt;br&gt;&lt;/p&gt;', 'BONDS', '', ''),
(11, 1, 'EDWIN', '&lt;p&gt;&lt;br&gt;&lt;/p&gt;', 'EDWIN', '', ''),
(12, 1, 'SKAGEN', '&lt;p&gt;&lt;br&gt;&lt;/p&gt;', 'SKAGEN', '', ''),
(13, 1, 'SUPRA', '&lt;p&gt;&lt;br&gt;&lt;/p&gt;', 'SUPRA', '', ''),
(14, 1, 'Spiral', '&lt;p&gt;&lt;br&gt;&lt;/p&gt;', 'Spiral', '', '');

INSERT INTO `ar_menu` (`menu_id`, `sort_order`, `columns`, `menu_type`, `status`) VALUES
(1, 1, 0, 'category', 1),
(2, 2, 0, 'category', 1),
(3, 3, 0, 'category', 1),
(5, 5, 0, 'category', 1),
(6, 6, 0, 'category', 1),
(7, 7, 0, 'category', 1),
(8, 4, 4, 'category', 1),
(9, 8, 1, 'blog_home', 1);

INSERT INTO `ar_menu_child` (`menu_child_id`, `menu_id`, `sort_order`, `menu_type`, `status`) VALUES
(1, 1, 1, 'category', 1),
(2, 1, 2, 'category', 1),
(3, 2, 1, 'category', 1),
(4, 2, 2, 'category', 1),
(10, 8, 1, 'category', 1),
(11, 8, 2, 'category', 1),
(12, 8, 3, 'category', 1),
(13, 8, 4, 'category', 1),
(14, 8, 5, 'category', 1),
(15, 8, 6, 'category', 1),
(16, 8, 7, 'category', 1),
(17, 8, 8, 'category', 1),
(18, 8, 9, 'category', 1),
(19, 8, 10, 'category', 1),
(20, 8, 11, 'category', 1),
(21, 8, 12, 'category', 1),
(22, 8, 13, 'category', 1),
(23, 8, 14, 'category', 1),
(24, 8, 15, 'category', 1),
(25, 8, 16, 'category', 1),
(26, 8, 17, 'category', 1),
(27, 8, 18, 'category', 1),
(28, 3, 1, 'category', 1),
(29, 3, 2, 'category', 1),
(30, 3, 4, 'category', 1),
(31, 3, 0, 'category', 1),
(32, 3, 3, 'category', 1),
(33, 3, 5, 'category', 1);

INSERT INTO `ar_menu_child_description` (`menu_child_id`, `menu_id`, `name`, `link`, `language_id`) VALUES
(1, 1, 'Casual', '26', 1),
(2, 1, 'Sport', '27', 1),
(3, 2, 'Women', '46', 1),
(4, 2, 'Men', '45', 1),
(10, 8, 'test 11', '43', 1),
(11, 8, 'test 12', '44', 1),
(12, 8, 'test 15', '47', 1),
(13, 8, 'test 16', '48', 1),
(14, 8, 'test 17', '49', 1),
(15, 8, 'test 18', '50', 1),
(16, 8, 'test 19', '51', 1),
(17, 8, 'test 20', '52', 1),
(18, 8, 'test 21', '53', 1),
(19, 8, 'test 22', '54', 1),
(20, 8, 'test 23', '55', 1),
(21, 8, 'test 24', '56', 1),
(22, 8, 'test 4', '38', 1),
(23, 8, 'test 5', '37', 1),
(24, 8, 'test 6', '39', 1),
(25, 8, 'test 7', '40', 1),
(26, 8, 'test 8', '41', 1),
(27, 8, 'test 9', '42', 1),
(28, 3, 'Solid', '32', 1),
(29, 3, 'Striped', '28', 1),
(30, 3, 'Animal', '29', 1),
(32, 3, 'Character', '30', 1),
(33, 3, 'Modern', '31', 1);

INSERT INTO `ar_menu_child_to_store` (`menu_child_id`, `store_id`) VALUES
(1, 0),
(2, 0),
(3, 0),
(4, 0),
(10, 0),
(11, 0),
(12, 0),
(13, 0),
(14, 0),
(15, 0),
(16, 0),
(17, 0),
(18, 0),
(19, 0),
(20, 0),
(21, 0),
(22, 0),
(23, 0),
(24, 0),
(25, 0),
(26, 0),
(27, 0),
(28, 0),
(29, 0),
(30, 0),
(32, 0),
(33, 0);

INSERT INTO `ar_menu_description` (`menu_id`, `name`, `link`, `language_id`) VALUES
(1, 'Shoes', '20', 1),
(2, 'Pants', '18', 1),
(3, 'Shirts', '25', 1),
(5, 'Watches', '59', 1),
(6, 'Bags', '24', 1),
(7, 'Hats', '33', 1),
(8, 'Jackets', '34', 1),
(9, 'Blog', '0', 1);

INSERT INTO `ar_menu_to_store` (`menu_id`, `store_id`) VALUES
(1, 0),
(2, 0),
(3, 0),
(5, 0),
(6, 0),
(7, 0),
(8, 0),
(9, 0);

INSERT INTO `ar_module` (`module_id`, `name`, `code`, `setting`) VALUES
(27, 'Slideshow - Home Page', 'slideshow', 'a:6:{s:4:"name";s:21:"Slideshow - Home Page";s:9:"banner_id";s:1:"7";s:5:"width";s:4:"2048";s:6:"height";s:3:"640";s:10:"pagination";s:1:"0";s:6:"status";s:1:"1";}'),
(28, 'Featured - Home Page', 'featured', 'a:7:{s:4:"name";s:20:"Featured - Home Page";s:7:"product";a:4:{i:0;s:2:"43";i:1;s:2:"40";i:2;s:2:"42";i:3;s:2:"30";}s:5:"limit";s:1:"4";s:5:"width";s:3:"200";s:6:"height";s:3:"200";s:6:"status";s:1:"1";s:4:"feed";s:1:"1";}'),
(29, 'Carousel - Home Page', 'carousel', 'a:5:{s:4:"name";s:20:"Carousel - Home Page";s:9:"banner_id";s:1:"8";s:5:"width";s:3:"130";s:6:"height";s:3:"100";s:6:"status";s:1:"1";}'),
(30, 'Banner - Category', 'banner', 'a:5:{s:4:"name";s:17:"Banner - Category";s:9:"banner_id";s:1:"6";s:5:"width";s:3:"300";s:6:"height";s:3:"300";s:6:"status";s:1:"1";}'),
(31, 'Cart - Modal after Add to Cart', 'cart', 'a:16:{s:4:"name";s:30:"Cart - Modal after Add to Cart";s:5:"popup";s:1:"1";s:5:"theme";s:9:"mini_cart";s:6:"status";s:1:"1";s:13:"product_image";s:1:"1";s:12:"product_name";s:1:"1";s:13:"product_model";s:1:"0";s:16:"product_quantity";s:1:"1";s:13:"product_price";s:1:"1";s:13:"product_total";s:1:"1";s:15:"button_continue";s:1:"1";s:11:"button_cart";s:1:"1";s:15:"button_checkout";s:1:"1";s:6:"coupon";s:1:"1";s:7:"message";s:1:"1";s:6:"button";s:4:"save";}'),
(32, 'Latest - Home Page', 'latest', 'a:5:{s:4:"name";s:18:"Latest - Home Page";s:5:"limit";s:1:"8";s:5:"width";s:3:"200";s:6:"height";s:3:"200";s:6:"status";s:1:"1";}'),
(33, 'Bottom Boxes - Home Page', 'html', 'a:4:{s:4:"name";s:24:"Bottom Boxes - Home Page";s:18:"module_description";a:1:{i:1;a:2:{s:5:"title";s:0:"";s:11:"description";s:2205:"&lt;div class=&quot;row&quot;&gt;\r\n    &lt;div class=&quot;col-sm-6&quot;&gt;\r\n        &lt;div class=&quot;panel panel-default&quot;&gt;\r\n            &lt;div class=&quot;panel-heading&quot;&gt;\r\n                &lt;h3 class=&quot;ar-margin-remove&quot;&gt;About Us&lt;/h3&gt;\r\n            &lt;/div&gt;\r\n            &lt;div class=&quot;panel-body&quot;&gt;\r\n                &lt;p&gt;Pellentesque &lt;strong&gt;Second Theme&lt;/strong&gt; habitant morbi tristique senectus et netus et malesuada fames ac turpis egestas. Vestibulum tortor quam, feugiat vitae, ultricies eget, tempor sit amet, ante. &lt;em&gt;Donec eu libero sit amet quam egestas semper.&lt;/em&gt; Aenean ultricies mi vitae est. Mauris placerat eleifend leo.&lt;/p&gt;\r\n                &lt;p&gt;Morbi in sem quis dui placerat ornare.&lt;/p&gt;\r\n                &lt;p class=&quot;text-right&quot;&gt;&lt;button class=&quot;btn btn-primary&quot;&gt;Details &lt;span class=&quot;fa fa-angle-double-right&quot;&gt;&lt;/span&gt;&lt;/button&gt;&lt;/p&gt;\r\n            &lt;/div&gt;\r\n        &lt;/div&gt;\r\n    &lt;/div&gt;\r\n    &lt;div class=&quot;col-sm-6&quot;&gt;\r\n        &lt;div class=&quot;panel panel-default&quot;&gt;\r\n            &lt;div class=&quot;panel-heading&quot;&gt;\r\n                &lt;h3 class=&quot;ar-margin-remove&quot;&gt;Newsletter&lt;/h3&gt;\r\n            &lt;/div&gt;\r\n            &lt;div class=&quot;panel-body&quot;&gt;\r\n                &lt;p&gt;We regularly send promotional news and discounts to our subscribers. Join our mail list and get the latest updates from our channel.&lt;/p&gt;\r\n                &lt;div class=&quot;input-group&quot;&gt;\r\n                  &lt;span class=&quot;input-group-addon&quot; id=&quot;basic-addon1&quot;&gt;@&lt;/span&gt;\r\n                  &lt;input class=&quot;form-control&quot; placeholder=&quot;Mail address&quot; aria-describedby=&quot;basic-addon1&quot; type=&quot;text&quot;&gt;\r\n                &lt;/div&gt;\r\n                &lt;button class=&quot;btn btn-block ar-btn-outline-white btn-lg ar-margin&quot;&gt;&lt;span class=&quot;fa fa-envelope&quot;&gt;&lt;/span&gt; Subscribe Now&lt;/button&gt;\r\n            &lt;/div&gt;\r\n        &lt;/div&gt;\r\n    &lt;/div&gt;\r\n&lt;/div&gt;";}}s:6:"status";s:1:"1";s:6:"button";s:4:"save";}'),
(34, 'Store Images - Home Page', 'html', 'a:3:{s:4:"name";s:24:"Store Images - Home Page";s:18:"module_description";a:1:{i:1;a:2:{s:5:"title";s:25:"Visit &amp; See Our Store";s:11:"description";s:1557:"&lt;div class=&quot;row&quot;&gt;\r\n    &lt;div class=&quot;col-sm-6&quot;&gt;\r\n        &lt;div class=&quot;row&quot;&gt;\r\n            &lt;div class=&quot;col-sm-6&quot;&gt;\r\n                &lt;img class=&quot;img-responsive&quot; src=&quot;image/catalog/demo/store/store-1.jpg&quot;&gt;\r\n            &lt;/div&gt;\r\n            &lt;div class=&quot;col-sm-6&quot;&gt;\r\n                &lt;img class=&quot;img-responsive&quot; src=&quot;image/catalog/demo/store/store-1.jpg&quot;&gt;\r\n            &lt;/div&gt;\r\n        &lt;/div&gt;\r\n        &lt;div class=&quot;row ar-margin-top&quot;&gt;\r\n            &lt;div class=&quot;col-sm-6&quot;&gt;\r\n                &lt;img class=&quot;img-responsive&quot; src=&quot;image/catalog/demo/store/store-1.jpg&quot;&gt;\r\n            &lt;/div&gt;\r\n            &lt;div class=&quot;col-sm-6&quot;&gt;\r\n                &lt;img class=&quot;img-responsive&quot; src=&quot;image/catalog/demo/store/store-1.jpg&quot;&gt;\r\n            &lt;/div&gt;\r\n        &lt;/div&gt;\r\n    &lt;/div&gt;\r\n    &lt;div class=&quot;col-sm-6&quot;&gt;\r\n        &lt;img class=&quot;img-responsive&quot; src=&quot;image/catalog/demo/store/store-2.jpg&quot;&gt;\r\n    &lt;/div&gt;\r\n&lt;/div&gt;\r\n&lt;h3 class=&quot;text-center&quot;&gt;&lt;a class=&quot;btn btn-lg btn-primary&quot; href=&quot;#&quot;&gt;&lt;span class=&quot;fa fa-info-circle&quot;&gt;&lt;/span&gt; Contact Information&lt;/a&gt; &lt;a class=&quot;btn btn-lg ar-btn-outline-white&quot; href=&quot;#&quot;&gt;&lt;span class=&quot;fa fa-map&quot;&gt;&lt;/span&gt; See Map&lt;/a&gt;&lt;/h3&gt;";}}s:6:"status";s:1:"1";}'),
(35, 'Recent posts', 'blog_latest', 'a:5:{s:4:\"name\";s:12:\"Recent posts\";s:5:\"limit\";s:1:\"5\";s:5:\"width\";s:2:\"60\";s:6:\"height\";s:2:\"40\";s:6:\"status\";s:1:\"1\";}'),
(36, 'Recent comments', 'blog_comment', 'a:7:{s:4:\"name\";s:15:\"Recent comments\";s:5:\"limit\";s:1:\"2\";s:18:\"description_length\";s:3:\"300\";s:5:\"image\";s:1:\"1\";s:5:\"width\";s:2:\"40\";s:6:\"height\";s:2:\"40\";s:6:\"status\";s:1:\"1\";}');

INSERT INTO `ar_option` (`option_id`, `type`, `sort_order`) VALUES
(1, 'radio', 1),
(2, 'checkbox', 2),
(4, 'text', 3),
(5, 'select', 4),
(6, 'textarea', 5),
(7, 'file', 6),
(8, 'date', 7),
(9, 'time', 8),
(10, 'datetime', 9),
(11, 'select', 10),
(12, 'date', 11);

INSERT INTO `ar_option_description` (`option_id`, `language_id`, `name`) VALUES
(1, 1, 'Radio'),
(2, 1, 'Checkbox'),
(4, 1, 'Text'),
(5, 1, 'Select'),
(6, 1, 'Textarea'),
(7, 1, 'File'),
(8, 1, 'Date'),
(9, 1, 'Time'),
(10, 1, 'Date &amp; Time'),
(11, 1, 'Size'),
(12, 1, 'Delivery Date');

INSERT INTO `ar_option_value` (`option_value_id`, `option_id`, `image`, `sort_order`) VALUES
(23, 2, '', 1),
(24, 2, '', 2),
(31, 1, '', 2),
(32, 1, '', 1),
(39, 5, '', 1),
(40, 5, '', 2),
(41, 5, '', 3),
(42, 5, '', 4),
(43, 1, '', 3),
(44, 2, '', 3),
(45, 2, '', 4),
(46, 11, '', 1),
(47, 11, '', 2),
(48, 11, '', 3);

INSERT INTO `ar_option_value_description` (`option_value_id`, `language_id`, `option_id`, `name`) VALUES
(23, 1, 2, 'Checkbox 1'),
(24, 1, 2, 'Checkbox 2'),
(31, 1, 1, 'Medium'),
(32, 1, 1, 'Small'),
(39, 1, 5, 'Red'),
(40, 1, 5, 'Blue'),
(41, 1, 5, 'Green'),
(42, 1, 5, 'Yellow'),
(43, 1, 1, 'Large'),
(44, 1, 2, 'Checkbox 3'),
(45, 1, 2, 'Checkbox 4'),
(46, 1, 11, 'Small'),
(47, 1, 11, 'Medium'),
(48, 1, 11, 'Large');

INSERT INTO `ar_product` (`product_id`, `model`, `sku`, `upc`, `ean`, `jan`, `isbn`, `mpn`, `location`, `quantity`, `stock_status_id`, `image`, `manufacturer_id`, `shipping`, `price`, `points`, `tax_class_id`, `date_available`, `weight`, `weight_class_id`, `length`, `width`, `height`, `length_class_id`, `subtract`, `minimum`, `sort_order`, `status`, `viewed`, `date_added`, `date_modified`) VALUES
(28, 'Product 1', '', '', '', '', '', '', '', 939, 7, 'catalog/demo/product/bags-1-1.jpg', 8, 1, '18.0000', 200, 9, '2015-05-17', '146.40000000', 2, '0.00000000', '0.00000000', '0.00000000', 1, 1, 1, 0, 1, 3, '2015-05-18 00:00:00', '2016-04-19 07:36:42'),
(29, 'Product 2', '', '', '', '', '', '', '', 999, 6, 'catalog/demo/product/bags-2-1.jpg', 14, 1, '25.0000', 0, 9, '2015-05-17', '133.00000000', 2, '0.00000000', '0.00000000', '0.00000000', 3, 1, 1, 0, 1, 2, '2015-05-18 00:00:00', '2016-04-19 07:35:50'),
(30, 'Product 3', '', '', '', '', '', '', '', 7, 6, 'catalog/demo/product/shoes-1-1.jpg', 8, 1, '15.0000', 0, 9, '2015-05-17', '0.00000000', 1, '0.00000000', '0.00000000', '0.00000000', 1, 1, 1, 0, 1, 4, '2015-05-18 00:00:00', '2016-04-19 07:37:43'),
(31, 'Product 4', '', '', '', '', '', '', '', 1000, 6, 'catalog/demo/product/character-1-1.jpg', 7, 1, '10.0000', 0, 9, '2015-05-17', '0.00000000', 1, '0.00000000', '0.00000000', '0.00000000', 3, 1, 1, 0, 1, 2, '2015-05-18 00:00:00', '2016-04-18 16:22:10'),
(32, 'Product 5', '', '', '', '', '', '', '', 999, 6, 'catalog/demo/product/jackets-3-1.jpg', 13, 1, '25.0000', 0, 9, '2015-05-17', '5.00000000', 1, '0.00000000', '0.00000000', '0.00000000', 1, 1, 1, 0, 1, 2, '2015-05-18 00:00:00', '2016-04-19 08:00:35'),
(33, 'Product 6', '', '', '', '', '', '', '', 500, 6, 'catalog/demo/product/hats-2-1.jpg', 8, 1, '4.0000', 0, 9, '2015-05-17', '5.00000000', 1, '0.00000000', '0.00000000', '0.00000000', 2, 1, 1, 0, 1, 3, '2015-05-18 00:00:00', '2016-04-19 07:46:39'),
(34, 'Product 7', '', '', '', '', '', '', '', 1000, 6, 'catalog/demo/product/men-2-1.jpg', 7, 1, '25.0000', 0, 9, '2015-05-17', '5.00000000', 1, '0.00000000', '0.00000000', '0.00000000', 2, 1, 1, 0, 1, 3, '2015-05-18 00:00:00', '2016-04-19 08:01:04'),
(35, 'Product 8', '', '', '', '', '', '', '', 1000, 5, 'catalog/demo/product/hats-1-1.jpg', 9, 0, '5.0000', 0, 9, '2015-05-17', '5.00000000', 1, '0.00000000', '0.00000000', '0.00000000', 1, 1, 1, 0, 1, 6, '2015-05-18 00:00:00', '2016-04-19 07:44:07'),
(36, 'Product 9', '', '', '', '', '', '', '', 994, 6, 'catalog/demo/product/jackets-1-1.jpg', 8, 0, '25.0000', 100, 9, '2015-05-17', '5.00000000', 1, '0.00000000', '0.00000000', '0.00000000', 2, 1, 1, 0, 1, 2, '2015-05-18 00:00:00', '2016-04-19 07:55:11'),
(40, 'product 11', '', '', '', '', '', '', '', 970, 5, 'catalog/demo/product/men-1-1.jpg', 6, 1, '25.0000', 0, 9, '2015-05-17', '10.00000000', 1, '0.00000000', '0.00000000', '0.00000000', 1, 1, 1, 0, 1, 3, '2015-05-18 00:00:00', '2016-04-19 07:38:44'),
(41, 'Product 14', '', '', '', '', '', '', '', 977, 5, 'catalog/demo/product/men-3-1.jpg', 5, 1, '20.0000', 0, 9, '2015-05-17', '5.00000000', 1, '0.00000000', '0.00000000', '0.00000000', 1, 1, 1, 0, 1, 3, '2015-05-18 00:00:00', '2016-04-19 06:47:54'),
(42, 'Product 15', '', '', '', '', '', '', '', 990, 5, 'catalog/demo/product/shoes-2-1.jpg', 10, 1, '20.0000', 400, 9, '2015-05-17', '12.50000000', 1, '1.00000000', '2.00000000', '3.00000000', 1, 1, 2, 0, 1, 6, '2015-05-18 00:00:00', '2016-04-26 11:02:16'),
(43, 'Product 16', '', '', '', '', '', '', '', 929, 5, 'catalog/demo/product/striped-1-1.jpg', 8, 0, '30.0000', 0, 9, '2015-05-17', '0.00000000', 1, '0.00000000', '0.00000000', '0.00000000', 2, 1, 1, 0, 1, 5, '2015-05-18 00:00:00', '2016-04-26 11:04:22'),
(44, 'Product 17', '', '', '', '', '', '', '', 1500, 5, 'catalog/demo/product/striped-2-1.jpg', 14, 1, '15.0000', 0, 9, '2015-05-17', '0.00000000', 1, '0.00000000', '0.00000000', '0.00000000', 2, 1, 1, 0, 1, 2, '2015-05-18 00:00:00', '2016-04-18 15:32:53'),
(45, 'Product 18', '', '', '', '', '', '', '', 998, 5, 'catalog/demo/product/solid-1-1.jpg', 12, 1, '5.0000', 0, 0, '2015-05-17', '0.00000000', 1, '0.00000000', '0.00000000', '0.00000000', 2, 1, 1, 0, 1, 3, '2015-05-18 00:00:00', '2016-04-18 15:39:17'),
(46, 'Product 19', '', '', '', '', '', '', '', 1000, 5, 'catalog/demo/product/animal-1-1.jpg', 11, 1, '25.0000', 0, 9, '2015-05-17', '0.00000000', 1, '0.00000000', '0.00000000', '0.00000000', 2, 1, 1, 0, 1, 3, '2015-05-18 00:00:00', '2016-04-18 16:26:39'),
(47, 'Product 21', '', '', '', '', '', '', '', 1000, 5, 'catalog/demo/product/women-1-1.jpg', 8, 1, '50.0000', 400, 9, '2015-05-17', '1.00000000', 1, '0.00000000', '0.00000000', '0.00000000', 1, 0, 1, 0, 1, 5, '2015-05-18 00:00:00', '2016-04-26 11:03:14'),
(48, 'product 20', 'test 1', '', '', '', '', '', 'test 2', 995, 5, 'catalog/demo/product/jackets-2-1.jpg', 14, 1, '40.0000', 0, 9, '2015-05-17', '1.00000000', 1, '0.00000000', '0.00000000', '0.00000000', 2, 1, 1, 0, 1, 3, '2015-05-18 00:00:00', '2016-04-19 07:57:21'),
(49, 'SAM1', '', '', '', '', '', '', '', 0, 8, 'catalog/demo/product/hats-3-1.jpg', 9, 1, '2.0000', 0, 9, '2015-05-17', '0.00000000', 1, '0.00000000', '0.00000000', '0.00000000', 1, 1, 1, 1, 1, 3, '2015-05-18 00:00:00', '2016-04-19 07:49:47');

INSERT INTO `ar_product_attribute` (`product_id`, `attribute_id`, `language_id`, `text`) VALUES
(42, 3, 1, 'Cotton'),
(43, 2, 1, 'Other'),
(43, 4, 1, 'Sport'),
(47, 2, 1, 'Letter'),
(47, 4, 1, 'Casual');

INSERT INTO `ar_product_description` (`product_id`, `language_id`, `name`, `description`, `tag`, `meta_title`, `meta_description`, `meta_keyword`) VALUES
(28, 1, 'Vintage Handbag', '&lt;ul&gt;&lt;li&gt;Cras eget sollicitudin erat. &lt;br&gt;&lt;/li&gt;&lt;li&gt;Phasellus iaculis sem vitae dictum bibendum. &lt;br&gt;&lt;/li&gt;&lt;li&gt;Donec vel libero ut augue elementum interdum. &lt;br&gt;&lt;/li&gt;&lt;li&gt;Maecenas laoreet tempus nulla sit amet maximus. &lt;br&gt;&lt;/li&gt;&lt;li&gt;Donec in tempus nulla, in rhoncus dui. &lt;br&gt;&lt;/li&gt;&lt;li&gt;Maecenas quis dui mattis, interdum leo eget, fermentum nibh.&lt;/li&gt;&lt;li&gt;Vestibulum ultricies felis non pulvinar feugiat.&lt;/li&gt;&lt;/ul&gt;&lt;p&gt;Nulla nulla elit, tincidunt ut tristique et, aliquam a orci. Phasellus auctor ante sed mollis pharetra. Curabitur pretium dui et mauris consectetur, vitae tincidunt lorem varius. Vestibulum vitae dui neque. Aenean tempor metus non sollicitudin condimentum. Quisque ut finibus arcu.&lt;br&gt;&lt;/p&gt;', '', 'Vintage Handbag', '', ''),
(29, 1, 'Geometric Plaid', '&lt;p&gt;Integer vel sapien ac est consequat finibus. Quisque bibendum scelerisque aliquam. Quisque augue nibh, fringilla ut egestas at, sollicitudin id mi. Ut elementum, mi vitae porttitor consectetur, arcu sem venenatis quam, a vestibulum odio quam eu diam. Cras vestibulum eget nisl quis porta. Vivamus id mollis nibh, non tincidunt urna. Nam molestie varius metus, quis blandit justo rutrum a.&lt;br&gt;&lt;br&gt;&lt;/p&gt;', '', 'Geometric Plaid', '', ''),
(30, 1, 'Mesh Breathable', '&lt;p&gt;Duis ullamcorper semper augue, eget tincidunt augue finibus nec. Proin vulputate dui a magna ornare, ac commodo leo varius. Vivamus vulputate mi ex. Nullam in nulla ut libero finibus porta nec eget nulla. Nulla fringilla non sapien at gravida.&lt;/p&gt;&lt;p&gt;Mauris interdum eros tincidunt viverra blandit. Proin molestie augue ac eleifend rhoncus. Sed ac congue sapien. Ut ultricies non arcu nec venenatis. Curabitur blandit ornare mi sit amet consequat. Mauris auctor, tortor a interdum dictum, quam nulla pulvinar lacus, pharetra pellentesque felis leo a ante.&lt;br&gt;&lt;br&gt;In sed turpis faucibus metus fringilla semper eget nec dolor. Morbi consequat elit ut ullamcorper porttitor. Duis in dolor neque. Pellentesque rutrum, arcu et malesuada ullamcorper, magna lorem viverra elit, vitae tincidunt nunc sapien id ante. Vivamus at dui ut lacus varius bibendum id id nisi.&lt;/p&gt;&lt;p&gt;Pellentesque a suscipit ipsum. Nunc convallis erat eget sapien euismod fringilla. Praesent eu dui eget augue semper accumsan. Sed placerat urna diam, quis interdum quam rutrum eget. Proin consectetur libero at quam gravida scelerisque. &lt;br&gt;&lt;br&gt;&lt;/p&gt;', '', 'Mesh Breathable', '', ''),
(31, 1, 'Batman V Superman', '&lt;p&gt;&lt;span style=&quot;font-weight: bold;&quot;&gt;&lt;span style=&quot;font-weight: normal;&quot;&gt;Aliquam nec lobortis sapien&lt;/span&gt;&lt;/span&gt;&lt;/p&gt;&lt;p&gt;Quisque pellentesque id lorem eget fermentum. Donec sed ex non dolor dictum pulvinar. Donec a urna dapibus metus dapibus lobortis. Nunc dignissim ligula eget massa mattis, vitae blandit mi auctor. Maecenas eleifend aliquet lectus, ut luctus nisl cursus eu.&lt;/p&gt;&lt;p&gt;&lt;br&gt;&lt;/p&gt;&lt;p&gt;&lt;span style=&quot;font-weight: normal;&quot;&gt;Mauris pellentesque sem nulla, at sagittis nibh dapibus et.&lt;/span&gt;&lt;/p&gt;&lt;p&gt;Duis semper justo vehicula dui maximus, at lacinia urna tempus. Nullam risus nunc, tincidunt ac augue in, cursus lobortis lectus. Proin ut ultrices lorem. Donec a nibh non lacus gravida sollicitudin pellentesque ac neque.&lt;span style=&quot;font-weight: bold;&quot;&gt;&lt;/span&gt;&lt;/p&gt;', '', 'Batman V Superman', '', ''),
(32, 1, 'Jaqueta Masculina', '&lt;p&gt;Morbi eros diam, facilisis eu augue eget, posuere dictum lectus. Ut eget nisl risus. Donec mauris turpis, maximus id hendrerit vel, imperdiet nec eros. Phasellus sit amet nunc eu turpis gravida gravida ut ut felis. Curabitur imperdiet justo sit amet tristique facilisis. Praesent et rutrum enim. Duis nec dignissim augue. Aenean blandit vehicula ornare. &lt;br&gt;&lt;br&gt;&lt;/p&gt;', '', 'Jaqueta Masculina', '', ''),
(33, 1, 'Baggy Beret', '&lt;p&gt;Etiam quis risus lacus. Nam at ligula felis. In hac habitasse platea dictumst. Lorem ipsum dolor sit amet, consectetur adipiscing elit. Sed faucibus elit eget nisl iaculis tempus. Mauris in odio rhoncus, placerat lectus et, cursus magna. Curabitur scelerisque massa felis, quis mattis ante dignissim in. Morbi lectus velit, ullamcorper vitae nisi vitae, commodo blandit augue. &lt;br&gt;&lt;br&gt;&lt;/p&gt;', '', 'Baggy Beret', '', ''),
(34, 1, 'Gym Pants', '&lt;ul&gt;&lt;li&gt;Sed sed imperdiet arcu.&lt;/li&gt;&lt;li&gt;Nullam at elit lectus.&lt;/li&gt;&lt;li&gt;Mauris cursus ex eu ligula porttitor molestie.&lt;/li&gt;&lt;/ul&gt;&lt;p&gt;Proin id ultrices sem, id aliquam enim. Integer interdum lectus eu aliquam ultricies. Donec iaculis cursus orci, nec tincidunt purus pretium eget. Mauris mollis nisi ut iaculis blandit. Quisque et facilisis urna. Nulla eu euismod turpis. Etiam tristique fringilla risus, id blandit nunc suscipit id. Donec finibus cursus tellus a fermentum.&lt;br&gt;&lt;/p&gt;', '', 'Gym Pants', '', ''),
(35, 1, 'Retro Wide', '&lt;p&gt;Lorem ipsum dolor sit amet, consectetur adipiscing elit. Duis in dolor turpis. Donec sodales, felis facilisis posuere dignissim, elit lacus imperdiet lacus, in ornare massa lectus iaculis quam. Aliquam vel tortor et felis fringilla volutpat. Sed in dolor ut orci congue euismod. Integer accumsan velit ut est tincidunt, nec consequat lectus ultricies. Etiam elementum orci id quam mollis dapibus. Vestibulum ornare, tortor eu sagittis molestie, lorem turpis dapibus urna, sed lobortis sapien diam vel magna. Suspendisse arcu sem, vestibulum sed nulla vitae, tincidunt feugiat enim. &lt;br&gt;&lt;br&gt;&lt;/p&gt;', '', 'Retro Wide', '', ''),
(36, 1, 'Hat Detachable', '&lt;p&gt;Donec non porta lectus, in porttitor magna. Sed mattis dapibus auctor. Phasellus mattis aliquam velit eu pretium. Aenean ut feugiat nisi. Proin cursus fringilla magna lacinia porta. &lt;br&gt;&lt;br&gt;&lt;/p&gt;', '', 'Hat Detachable', '', ''),
(40, 1, 'Joggers Khaki', '&lt;p&gt;Aliquam non arcu sed justo congue pulvinar. In venenatis mauris nulla, eu suscipit ante vehicula a.&lt;/p&gt;&lt;p&gt;Aliquam purus urna, venenatis ut ornare dictum, pharetra in tellus. Fusce vel diam ut libero aliquet iaculis in sit amet metus.&lt;/p&gt;&lt;p&gt;Vestibulum ante ipsum primis in faucibus orci luctus et ultrices posuere cubilia Curae; Morbi vitae fringilla tortor. Nullam egestas mauris in varius vestibulum. &lt;br&gt;&lt;/p&gt;\r\n', '', 'Joggers Khaki', '', ''),
(41, 1, 'Spring Hip Hop', '&lt;p&gt;Etiam sed justo vulputate, consequat sapien a, porta turpis. Integer placerat urna ut consequat accumsan. Nulla purus diam, tristique id justo in, elementum facilisis arcu. Nam pellentesque nunc nec eros aliquet, vel aliquam enim placerat. Integer semper at nisi ut iaculis. Sed metus metus, gravida eu odio vel, maximus finibus tortor.&lt;/p&gt;', '', 'Spring Hip Hop', '', ''),
(42, 1, 'Canvas Daily', '&lt;p&gt;Nullam efficitur nibh sem, sit amet rutrum nibh vestibulum a. Mauris feugiat ornare lacus et mattis. Aliquam porttitor mauris quis lectus volutpat, eget feugiat libero feugiat. Etiam pharetra hendrerit ipsum venenatis condimentum.&lt;/p&gt;&lt;p&gt;Nulla tincidunt fringilla odio vestibulum sodales. Quisque consequat, eros nec dictum auctor, nisl metus aliquam mi, eu interdum odio ex vel lorem. Ut nec viverra arcu. Maecenas tellus tellus, pulvinar ac sapien id, sagittis imperdiet neque. Ut condimentum nec leo a euismod. Quisque sed nibh tempor, finibus diam quis, suscipit massa. Aenean a fermentum ante. Aliquam accumsan porta facilisis. Donec scelerisque elementum erat, tempus vulputate eros eleifend a. Aenean sodales lacus massa, nec laoreet leo tristique nec.&lt;/p&gt;&lt;p&gt;Nunc luctus metus quis mi ullamcorper, a malesuada dui pulvinar. Praesent nec erat vitae erat porttitor aliquam nec euismod nibh.&lt;br&gt;&lt;/p&gt;', '', 'Canvas Daily', '', ''),
(43, 1, 'Polo Fashion', '&lt;p&gt;Lorem ipsum dolor sit amet, consectetur adipiscing elit. Vestibulum nec est non dui posuere fermentum.&lt;/p&gt;&lt;p&gt;In varius sem a viverra malesuada. Sed vitae congue sapien. Vivamus condimentum sagittis elit, ac commodo enim efficitur ultricies. Mauris venenatis dapibus risus, in vehicula ligula pulvinar sit amet. Mauris egestas tellus vel dui aliquet vehicula. In in purus eu urna tempor maximus. Vivamus faucibus tincidunt odio sed scelerisque.&lt;/p&gt;&lt;p&gt;Nulla laoreet lectus sit amet nibh suscipit vestibulum. Phasellus ac enim massa. Vivamus blandit nulla justo, non imperdiet diam sollicitudin vel. Maecenas accumsan aliquet enim, pulvinar mattis metus euismod quis. Vivamus mauris mi, vestibulum a semper fermentum, venenatis ac nulla. &lt;br&gt;&lt;br&gt;&lt;/p&gt;', '', 'Polo Fashion', '', ''),
(44, 1, 'Fitness Slim', '&lt;p&gt;Curabitur posuere ullamcorper dignissim. Sed ultrices tempor velit, et tristique diam consequat vitae.&lt;/p&gt;&lt;p&gt;Fusce nec dolor eu lectus fermentum rutrum quis ut nibh. Nullam luctus semper diam, ut mollis libero pellentesque a.&lt;/p&gt;&lt;p&gt;Cum sociis natoque penatibus et magnis dis parturient montes, nascetur ridiculus mus.&lt;/p&gt;&lt;p&gt;Nam urna dolor, consequat euismod neque ac, cursus posuere lectus. Aliquam aliquet porta consequat.&lt;/p&gt;&lt;p&gt;Donec faucibus nibh in odio pretium aliquet ac nec ipsum. Cras dui nisi, ullamcorper vel massa nec, accumsan porta quam. Nunc tortor nibh, viverra a ultricies id, ullamcorper cursus sapien. Phasellus vel sodales velit, a porttitor mauris. &lt;br&gt;&lt;br&gt;&lt;/p&gt;', '', 'Fitness Slim', '', ''),
(45, 1, 'Summer Fashion', '&lt;ul&gt;&lt;li&gt;Aliquam mollis turpis id porta interdum.&lt;/li&gt;&lt;li&gt;Praesent semper urna et euismod sagittis.&lt;/li&gt;&lt;li&gt;Nam mattis porta velit non commodo.&lt;/li&gt;&lt;li&gt;Cras volutpat ac nisl nec feugiat.&lt;/li&gt;&lt;li&gt;Nulla facilisi.&lt;/li&gt;&lt;li&gt;In semper mauris eget magna bibendum feugiat.&lt;/li&gt;&lt;li&gt;Nullam ac imperdiet sapien.&lt;br&gt;&lt;/li&gt;&lt;/ul&gt;', '', 'Summer Fashion', '', ''),
(46, 1, 'Lion Printed', '&lt;div&gt;&lt;div&gt;Nam sed tellus dapibus ipsum ultrices consequat. Vivamus rhoncus rutrum \r\nlibero.&lt;/div&gt;&lt;div&gt;&lt;br&gt;&lt;/div&gt;&lt;div&gt;Aliquam ultrices varius tortor non vulputate. Nulla tristique \r\nmattis tellus dignissim feugiat. Morbi vitae mollis dolor, nec luctus \r\nurna. Morbi vulputate lectus nisi, at accumsan felis pellentesque eget. \r\nPhasellus in mi luctus, laoreet enim a, lobortis nisl. Morbi blandit \r\nmaximus tincidunt. Etiam eleifend a orci sed eleifend.&lt;/div&gt;&lt;div&gt;&lt;br&gt;&lt;/div&gt;&lt;div&gt;Cras nec porta \r\nodio. Praesent eleifend facilisis laoreet.\r\n&lt;/div&gt;&lt;/div&gt;', '', 'Lion Printed', '', ''),
(47, 1, 'AEO Denim', '&lt;ul&gt;&lt;li&gt;Proin id nunc rutrum, efficitur purus ut, pulvinar ex.&lt;/li&gt;&lt;li&gt;Quisque consectetur in augue aliquam auctor.&lt;/li&gt;&lt;li&gt;Nam fringilla, ligula nec finibus malesuada, massa dolor condimentum dolor, cursus vulputate mauris nunc vitae tortor.&lt;/li&gt;&lt;li&gt;Sed facilisis dui quis augue tincidunt vestibulum.&lt;/li&gt;&lt;li&gt;Phasellus sollicitudin pellentesque dolor, vulputate rutrum lacus sodales at.&lt;/li&gt;&lt;li&gt;Duis vulputate metus et blandit posuere.&lt;/li&gt;&lt;li&gt;Aliquam dapibus mi vel orci egestas, id ornare nulla fringilla.&lt;/li&gt;&lt;li&gt;Maecenas massa magna, porta ac arcu eu, hendrerit tempor neque.&lt;/li&gt;&lt;li&gt;Phasellus ut tellus non felis tristique interdum.&lt;/li&gt;&lt;li&gt;Maecenas tortor turpis, hendrerit quis commodo sit amet, viverra sed lacus.&lt;/li&gt;&lt;li&gt;Sed ut lacus sollicitudin lacus consectetur laoreet in eu leo.&lt;/li&gt;&lt;li&gt;Fusce quis tellus diam. &lt;br&gt;&lt;br&gt;&lt;/li&gt;&lt;/ul&gt;', '', 'AEO Denim', '', ''),
(48, 1, 'Suit Jacket', '&lt;p&gt;Interdum et malesuada fames ac ante ipsum primis in faucibus. Quisque lacinia venenatis tempus. Sed lobortis faucibus nisi vitae mollis. Nunc porta non justo quis facilisis. Nunc congue massa risus, at imperdiet mauris posuere eget. Nullam vel eros tellus. Sed sit amet massa posuere, consectetur massa nec, ullamcorper lectus.&lt;/p&gt;&lt;p&gt;Cras ac metus tortor. Integer pulvinar vitae massa quis blandit. Praesent sit amet condimentum lectus. &lt;br&gt;&lt;/p&gt;', '', 'Suit Jacket', '', ''),
(49, 1, 'Hip-Hot Skullies', '&lt;p&gt;&amp;nbsp;Morbi eros diam, facilisis eu augue eget, posuere dictum lectus. Ut eget nisl risus. Donec mauris turpis, maximus id hendrerit vel, imperdiet nec eros. Phasellus sit amet nunc eu turpis gravida gravida ut ut felis. Curabitur imperdiet justo sit amet tristique facilisis. Praesent et rutrum enim. Duis nec dignissim augue. Aenean blandit vehicula ornare.&lt;br&gt;&lt;br&gt;Interdum et malesuada fames ac ante ipsum primis in faucibus. Quisque lacinia venenatis tempus. Sed lobortis faucibus nisi vitae mollis. Nunc porta non justo quis facilisis. Nunc congue massa risus, at imperdiet mauris posuere eget. Nullam vel eros tellus. Sed sit amet massa posuere, consectetur massa nec, ullamcorper lectus. Cras ac metus tortor. Integer pulvinar vitae massa quis blandit. Praesent sit amet condimentum lectus. &lt;br&gt;&lt;br&gt;&lt;/p&gt;', '', 'Hip-Hot Skullies', '', '');

INSERT INTO `ar_product_discount` (`product_discount_id`, `product_id`, `customer_group_id`, `quantity`, `priority`, `price`, `date_start`, `date_end`) VALUES
(459, 42, 1, 10, 1, '18.0000', '0000-00-00', '0000-00-00'),
(460, 42, 1, 20, 1, '15.0000', '0000-00-00', '0000-00-00'),
(461, 42, 1, 30, 1, '12.0000', '0000-00-00', '0000-00-00');

INSERT INTO `ar_product_image` (`product_image_id`, `product_id`, `image`, `sort_order`) VALUES
(2477, 44, 'catalog/demo/product/striped-2-2.jpg', 0),
(2478, 44, 'catalog/demo/product/striped-2-3.jpg', 0),
(2479, 44, 'catalog/demo/product/striped-2-4.jpg', 0),
(2480, 44, 'catalog/demo/product/striped-2-5.jpg', 0),
(2481, 45, 'catalog/demo/product/solid-1-2.jpg', 0),
(2484, 31, 'catalog/demo/product/character-1-2.jpg', 0),
(2485, 31, 'catalog/demo/product/character-1-3.jpg', 0),
(2486, 46, 'catalog/demo/product/animal-1-2.jpg', 0),
(2487, 46, 'catalog/demo/product/animal-1-3.jpg', 0),
(2498, 41, 'catalog/demo/product/men-3-2.jpg', 0),
(2499, 41, 'catalog/demo/product/men-3-3.jpg', 0),
(2517, 29, 'catalog/demo/product/bags-2-2.jpg', 0),
(2518, 29, 'catalog/demo/product/bags-2-3.jpg', 0),
(2519, 29, 'catalog/demo/product/bags-2-4.jpg', 0),
(2520, 28, 'catalog/demo/product/bags-1-2.jpg', 0),
(2521, 30, 'catalog/demo/product/shoes-1-2.jpg', 0),
(2522, 30, 'catalog/demo/product/shoes-1-3.jpg', 0),
(2523, 40, 'catalog/demo/product/men-1-2.jpg', 0),
(2524, 40, 'catalog/demo/product/men-1-3.jpg', 0),
(2528, 35, 'catalog/demo/product/hats-1-2.jpg', 0),
(2529, 49, 'catalog/demo/product/hats-3-2.jpg', 0),
(2530, 36, 'catalog/demo/product/jackets-1-2.jpg', 0),
(2531, 36, 'catalog/demo/product/jackets-1-3.jpg', 0),
(2532, 32, 'catalog/demo/product/jackets-3-2.jpg', 0),
(2533, 32, 'catalog/demo/product/jackets-3-3.jpg', 0),
(2534, 34, 'catalog/demo/product/men-2-2.jpg', 0),
(2535, 42, 'catalog/demo/product/shoes-2-2.jpg', 0),
(2536, 42, 'catalog/demo/product/shoes-2-3.jpg', 0),
(2537, 42, 'catalog/demo/product/shoes-2-4.jpg', 0),
(2538, 47, 'catalog/demo/product/women-1-3.jpg', 0),
(2539, 47, 'catalog/demo/product/women-1-2.jpg', 0),
(2540, 43, 'catalog/demo/product/striped-1-2.jpg', 0),
(2541, 43, 'catalog/demo/product/striped-1-3.jpg', 0);

INSERT INTO `ar_product_option` (`product_option_id`, `product_id`, `option_id`, `value`, `required`) VALUES
(208, 42, 4, 'test', 1),
(209, 42, 6, '', 1),
(217, 42, 5, '', 1),
(218, 42, 1, '', 1),
(219, 42, 8, '2015-05-18', 1),
(220, 42, 10, '2015-05-18 12:06', 1),
(221, 42, 9, '22:25', 1),
(222, 42, 7, '', 1),
(223, 42, 2, '', 1),
(224, 35, 11, '', 1),
(225, 47, 12, '2015-05-18', 1),
(226, 30, 5, '', 1);

INSERT INTO `ar_product_option_value` (`product_option_value_id`, `product_option_id`, `product_id`, `option_id`, `option_value_id`, `quantity`, `subtract`, `price`, `price_prefix`, `points`, `points_prefix`, `weight`, `weight_prefix`) VALUES
(1, 217, 42, 5, 41, 100, 0, '1.0000', '+', 0, '+', '1.00000000', '+'),
(2, 217, 42, 5, 42, 200, 1, '2.0000', '+', 0, '+', '2.00000000', '+'),
(3, 217, 42, 5, 40, 300, 0, '3.0000', '+', 0, '+', '3.00000000', '+'),
(4, 217, 42, 5, 39, 92, 1, '4.0000', '+', 0, '+', '4.00000000', '+'),
(5, 218, 42, 1, 32, 96, 1, '10.0000', '+', 1, '+', '10.00000000', '+'),
(6, 218, 42, 1, 31, 146, 1, '20.0000', '+', 2, '-', '20.00000000', '+'),
(7, 218, 42, 1, 43, 300, 1, '30.0000', '+', 3, '+', '30.00000000', '+'),
(8, 223, 42, 2, 23, 48, 1, '10.0000', '+', 0, '+', '10.00000000', '+'),
(9, 223, 42, 2, 24, 194, 1, '20.0000', '+', 0, '+', '20.00000000', '+'),
(10, 223, 42, 2, 44, 2696, 1, '30.0000', '+', 0, '+', '30.00000000', '+'),
(11, 223, 42, 2, 45, 3998, 1, '40.0000', '+', 0, '+', '40.00000000', '+'),
(12, 224, 35, 11, 46, 0, 1, '5.0000', '+', 0, '+', '0.00000000', '+'),
(13, 224, 35, 11, 47, 10, 1, '10.0000', '+', 0, '+', '0.00000000', '+'),
(14, 224, 35, 11, 48, 15, 1, '15.0000', '+', 0, '+', '0.00000000', '+'),
(15, 226, 30, 5, 39, 2, 1, '0.0000', '+', 0, '+', '0.00000000', '+'),
(16, 226, 30, 5, 40, 5, 1, '0.0000', '+', 0, '+', '0.00000000', '+');

INSERT INTO `ar_product_related` (`product_id`, `related_id`) VALUES
(40, 42),
(41, 42),
(42, 40),
(42, 41);

INSERT INTO `ar_product_reward` (`product_reward_id`, `product_id`, `customer_group_id`, `points`) VALUES
(600, 44, 1, 700),
(603, 45, 1, 800),
(605, 31, 1, 0),
(606, 46, 1, 0),
(613, 41, 1, 0),
(622, 29, 1, 0),
(623, 28, 1, 400),
(624, 30, 1, 200),
(625, 40, 1, 0),
(627, 35, 1, 0),
(628, 33, 1, 0),
(629, 49, 1, 1000),
(630, 36, 1, 0),
(631, 48, 1, 0),
(632, 32, 1, 0),
(633, 34, 1, 0),
(634, 42, 1, 100),
(635, 47, 1, 300),
(636, 43, 1, 600);

INSERT INTO `ar_product_special` (`product_special_id`, `product_id`, `customer_group_id`, `priority`, `price`, `date_start`, `date_end`) VALUES
(459, 30, 1, 1, '13.0000', '0000-00-00', '0000-00-00'),
(460, 30, 1, 2, '11.0000', '0000-00-00', '0000-00-00'),
(462, 42, 1, 1, '15.0000', '0000-00-00', '0000-00-00');

INSERT INTO `ar_product_to_category` (`product_id`, `category_id`) VALUES
(28, 24),
(29, 24),
(30, 20),
(30, 27),
(31, 30),
(32, 34),
(33, 33),
(34, 18),
(34, 45),
(35, 33),
(36, 34),
(40, 18),
(40, 45),
(41, 18),
(41, 45),
(42, 20),
(42, 26),
(43, 28),
(44, 28),
(45, 32),
(46, 29),
(47, 18),
(47, 46),
(48, 34),
(49, 33);

INSERT INTO `ar_product_to_store` (`product_id`, `store_id`) VALUES
(28, 0),
(29, 0),
(30, 0),
(31, 0),
(32, 0),
(33, 0),
(34, 0),
(35, 0),
(36, 0),
(40, 0),
(41, 0),
(42, 0),
(43, 0),
(44, 0),
(45, 0),
(46, 0),
(47, 0),
(48, 0),
(49, 0);

INSERT INTO `ar_tax_class` (`tax_class_id`, `title`, `description`, `date_added`, `date_modified`) VALUES
(9, 'Taxable Goods', 'Taxed goods', '2015-05-18 00:00:00', '2015-05-18 00:00:00'),
(10, 'Downloadable Products', 'Downloadable', '2015-05-18 00:00:00', '2015-05-18 00:00:00');

INSERT INTO `ar_tax_rate` (`tax_rate_id`, `geo_zone_id`, `name`, `rate`, `type`, `date_added`, `date_modified`) VALUES
(86, 3, 'VAT (20%)', '20.0000', 'P', '2015-05-18 00:00:00', '2015-05-18 00:00:00'),
(87, 3, 'Eco Tax (-2.00)', '2.0000', 'F', '2015-05-18 00:00:00', '2015-05-18 00:00:00');

INSERT INTO `ar_tax_rate_to_customer_group` (`tax_rate_id`, `customer_group_id`) VALUES
(86, 1),
(87, 1);

INSERT INTO `ar_tax_rule` (`tax_rule_id`, `tax_class_id`, `tax_rate_id`, `based`, `priority`) VALUES
(120, 10, 87, 'store', 0),
(121, 10, 86, 'payment', 1),
(127, 9, 87, 'shipping', 2),
(128, 9, 86, 'shipping', 1);

INSERT INTO `ar_url_alias` (`url_alias_id`, `query`, `keyword`, `language_id`) VALUES
(772, 'information_id=4', 'about', 1),
(780, 'category_id=35', 'test1', 1),
(781, 'category_id=36', 'test2', 1),
(790, 'category_id=43', 'test11', 1),
(791, 'category_id=44', 'test12', 1),
(792, 'category_id=47', 'test15', 1),
(793, 'category_id=48', 'test16', 1),
(794, 'category_id=49', 'test17', 1),
(795, 'category_id=50', 'test18', 1),
(796, 'category_id=51', 'test19', 1),
(797, 'category_id=52', 'test20', 1),
(798, 'category_id=58', 'test25', 1),
(799, 'category_id=53', 'test21', 1),
(800, 'category_id=54', 'test22', 1),
(801, 'category_id=55', 'test23', 1),
(802, 'category_id=56', 'test24', 1),
(803, 'category_id=38', 'test4', 1),
(804, 'category_id=37', 'test5', 1),
(805, 'category_id=39', 'test6', 1),
(806, 'category_id=40', 'test7', 1),
(807, 'category_id=41', 'test8', 1),
(808, 'category_id=42', 'test9', 1),
(841, 'information_id=6', 'delivery', 1),
(842, 'information_id=3', 'privacy', 1),
(843, 'information_id=5', 'terms', 1),
(922, 'category_id=20', 'shoes', 1),
(925, 'category_id=18', 'pants', 1),
(934, 'category_id=34', 'jackets', 1),
(936, 'category_id=24', 'bags', 1),
(937, 'category_id=33', 'hats', 1),
(946, 'product_id=44', 'fitness-slim', 1),
(949, 'product_id=45', 'summer-fashion', 1),
(951, 'product_id=31', 'batman-v-superman', 1),
(952, 'product_id=46', 'lion-printed', 1),
(959, 'product_id=41', 'spring-hip-hop', 1),
(968, 'product_id=29', 'geometric-plaid', 1),
(969, 'product_id=28', 'vintage-handbag', 1),
(970, 'product_id=30', 'mesh-breathable', 1),
(971, 'product_id=40', 'joggers-khaki', 1),
(973, 'product_id=35', 'retro-wide', 1),
(974, 'product_id=33', 'baggy-beret', 1),
(975, 'product_id=49', 'hip-hot-skullies', 1),
(976, 'product_id=36', 'hat-detachable', 1),
(977, 'product_id=48', 'suit-jacket', 1),
(978, 'product_id=32', 'jaqueta-masculina', 1),
(979, 'product_id=34', 'gym-pants', 1),
(980, 'manufacturer_id=8', 'wrangler', 1),
(981, 'manufacturer_id=9', 'bellfield', 1),
(982, 'manufacturer_id=10', 'bonds', 1),
(983, 'manufacturer_id=11', 'edwin', 1),
(984, 'manufacturer_id=7', 'minimum', 1),
(985, 'manufacturer_id=5', 'obey', 1),
(986, 'manufacturer_id=12', 'skagen', 1),
(987, 'manufacturer_id=14', 'spiral', 1),
(988, 'manufacturer_id=13', 'supra', 1),
(989, 'manufacturer_id=6', 'timberland', 1),
(990, 'category_id=26', 'casual', 1),
(992, 'category_id=27', 'sport', 1),
(993, 'category_id=45', 'men', 1),
(994, 'category_id=46', 'women', 1),
(995, 'category_id=25', 'shirts', 1),
(996, 'category_id=29', 'animal', 1),
(997, 'category_id=30', 'character', 1),
(998, 'category_id=31', 'modern', 1),
(999, 'category_id=32', 'solid', 1),
(1000, 'category_id=28', 'striped', 1),
(1003, 'category_id=59', 'watches', 1),
(1004, 'product_id=42', 'canvas-daily', 1),
(1005, 'product_id=47', 'aeo-denim', 1),
(1006, 'product_id=43', 'polo-fashion', 1),
(1007, 'route=checkout/cart', 'cart', 1),
(1008, 'route=checkout/checkout', 'checkout', 1),
(1009, 'route=account/account', 'account', 1),
(10010, 'route=account/register', 'register', 1),
(10011, 'route=account/login', 'login', 1),
(10012, 'route=information/contact', 'contact', 1),
(10013, 'route=product/manufacturer', 'brands', 1),
(10014, 'route=blog/home', 'blog', 1),
(10015, 'blog_category_id=1', 'general', 1),
(10026, 'blog_post_id=1', 'yet-another-great-post', 1),
(10028, 'blog_post_id=3', 'the-next-big-arastta-thing', 1),
(10029, 'blog_post_id=2', 'arastta-1-6-released', 1);

INSERT INTO `ar_voucher_theme` (`voucher_theme_id`, `image`) VALUES
(6, 'catalog/demo/apple_logo.jpg'),
(7, 'catalog/demo/gift-voucher-birthday.jpg'),
(8, 'catalog/demo/canon_logo.jpg');

INSERT INTO `ar_voucher_theme_description` (`voucher_theme_id`, `language_id`, `name`) VALUES
(6, 1, 'Christmas'),
(7, 1, 'Birthday'),
(8, 1, 'General');

INSERT INTO `ar_zone_to_geo_zone` (`zone_to_geo_zone_id`, `country_id`, `zone_id`, `geo_zone_id`, `date_added`, `date_modified`) VALUES
(1, 222, 0, 4, '2015-05-18 00:00:00', '2015-05-18 00:00:00'),
(2, 222, 3513, 3, '2015-05-18 00:00:00', '2015-05-18 00:00:00'),
(3, 222, 3514, 3, '2015-05-18 00:00:00', '2015-05-18 00:00:00'),
(4, 222, 3515, 3, '2015-05-18 00:00:00', '2015-05-18 00:00:00'),
(5, 222, 3516, 3, '2015-05-18 00:00:00', '2015-05-18 00:00:00'),
(6, 222, 3517, 3, '2015-05-18 00:00:00', '2015-05-18 00:00:00'),
(7, 222, 3518, 3, '2015-05-18 00:00:00', '2015-05-18 00:00:00'),
(8, 222, 3519, 3, '2015-05-18 00:00:00', '2015-05-18 00:00:00'),
(9, 222, 3520, 3, '2015-05-18 00:00:00', '2015-05-18 00:00:00'),
(10, 222, 3521, 3, '2015-05-18 00:00:00', '2015-05-18 00:00:00'),
(11, 222, 3522, 3, '2015-05-18 00:00:00', '2015-05-18 00:00:00'),
(12, 222, 3523, 3, '2015-05-18 00:00:00', '2015-05-18 00:00:00'),
(13, 222, 3524, 3, '2015-05-18 00:00:00', '2015-05-18 00:00:00'),
(14, 222, 3525, 3, '2015-05-18 00:00:00', '2015-05-18 00:00:00'),
(15, 222, 3526, 3, '2015-05-18 00:00:00', '2015-05-18 00:00:00'),
(16, 222, 3527, 3, '2015-05-18 00:00:00', '2015-05-18 00:00:00'),
(17, 222, 3528, 3, '2015-05-18 00:00:00', '2015-05-18 00:00:00'),
(18, 222, 3529, 3, '2015-05-18 00:00:00', '2015-05-18 00:00:00'),
(19, 222, 3530, 3, '2015-05-18 00:00:00', '2015-05-18 00:00:00'),
(20, 222, 3531, 3, '2015-05-18 00:00:00', '2015-05-18 00:00:00'),
(21, 222, 3532, 3, '2015-05-18 00:00:00', '2015-05-18 00:00:00'),
(22, 222, 3533, 3, '2015-05-18 00:00:00', '2015-05-18 00:00:00'),
(23, 222, 3534, 3, '2015-05-18 00:00:00', '2015-05-18 00:00:00'),
(24, 222, 3535, 3, '2015-05-18 00:00:00', '2015-05-18 00:00:00'),
(25, 222, 3536, 3, '2015-05-18 00:00:00', '2015-05-18 00:00:00'),
(26, 222, 3537, 3, '2015-05-18 00:00:00', '2015-05-18 00:00:00'),
(27, 222, 3538, 3, '2015-05-18 00:00:00', '2015-05-18 00:00:00'),
(28, 222, 3539, 3, '2015-05-18 00:00:00', '2015-05-18 00:00:00'),
(29, 222, 3540, 3, '2015-05-18 00:00:00', '2015-05-18 00:00:00'),
(30, 222, 3541, 3, '2015-05-18 00:00:00', '2015-05-18 00:00:00'),
(31, 222, 3542, 3, '2015-05-18 00:00:00', '2015-05-18 00:00:00'),
(32, 222, 3543, 3, '2015-05-18 00:00:00', '2015-05-18 00:00:00'),
(33, 222, 3544, 3, '2015-05-18 00:00:00', '2015-05-18 00:00:00'),
(34, 222, 3545, 3, '2015-05-18 00:00:00', '2015-05-18 00:00:00'),
(35, 222, 3546, 3, '2015-05-18 00:00:00', '2015-05-18 00:00:00'),
(36, 222, 3547, 3, '2015-05-18 00:00:00', '2015-05-18 00:00:00'),
(37, 222, 3548, 3, '2015-05-18 00:00:00', '2015-05-18 00:00:00'),
(38, 222, 3549, 3, '2015-05-18 00:00:00', '2015-05-18 00:00:00'),
(39, 222, 3550, 3, '2015-05-18 00:00:00', '2015-05-18 00:00:00'),
(40, 222, 3551, 3, '2015-05-18 00:00:00', '2015-05-18 00:00:00'),
(41, 222, 3552, 3, '2015-05-18 00:00:00', '2015-05-18 00:00:00'),
(42, 222, 3553, 3, '2015-05-18 00:00:00', '2015-05-18 00:00:00'),
(43, 222, 3554, 3, '2015-05-18 00:00:00', '2015-05-18 00:00:00'),
(44, 222, 3555, 3, '2015-05-18 00:00:00', '2015-05-18 00:00:00'),
(45, 222, 3556, 3, '2015-05-18 00:00:00', '2015-05-18 00:00:00'),
(46, 222, 3557, 3, '2015-05-18 00:00:00', '2015-05-18 00:00:00'),
(47, 222, 3558, 3, '2015-05-18 00:00:00', '2015-05-18 00:00:00'),
(48, 222, 3559, 3, '2015-05-18 00:00:00', '2015-05-18 00:00:00'),
(49, 222, 3560, 3, '2015-05-18 00:00:00', '2015-05-18 00:00:00'),
(50, 222, 3561, 3, '2015-05-18 00:00:00', '2015-05-18 00:00:00'),
(51, 222, 3562, 3, '2015-05-18 00:00:00', '2015-05-18 00:00:00'),
(52, 222, 3563, 3, '2015-05-18 00:00:00', '2015-05-18 00:00:00'),
(53, 222, 3564, 3, '2015-05-18 00:00:00', '2015-05-18 00:00:00'),
(54, 222, 3565, 3, '2015-05-18 00:00:00', '2015-05-18 00:00:00'),
(55, 222, 3566, 3, '2015-05-18 00:00:00', '2015-05-18 00:00:00'),
(56, 222, 3567, 3, '2015-05-18 00:00:00', '2015-05-18 00:00:00'),
(57, 222, 3568, 3, '2015-05-18 00:00:00', '2015-05-18 00:00:00'),
(58, 222, 3569, 3, '2015-05-18 00:00:00', '2015-05-18 00:00:00'),
(59, 222, 3570, 3, '2015-05-18 00:00:00', '2015-05-18 00:00:00'),
(60, 222, 3571, 3, '2015-05-18 00:00:00', '2015-05-18 00:00:00'),
(61, 222, 3572, 3, '2015-05-18 00:00:00', '2015-05-18 00:00:00'),
(62, 222, 3573, 3, '2015-05-18 00:00:00', '2015-05-18 00:00:00'),
(63, 222, 3574, 3, '2015-05-18 00:00:00', '2015-05-18 00:00:00'),
(64, 222, 3575, 3, '2015-05-18 00:00:00', '2015-05-18 00:00:00'),
(65, 222, 3576, 3, '2015-05-18 00:00:00', '2015-05-18 00:00:00'),
(66, 222, 3577, 3, '2015-05-18 00:00:00', '2015-05-18 00:00:00'),
(67, 222, 3578, 3, '2015-05-18 00:00:00', '2015-05-18 00:00:00'),
(68, 222, 3579, 3, '2015-05-18 00:00:00', '2015-05-18 00:00:00'),
(69, 222, 3580, 3, '2015-05-18 00:00:00', '2015-05-18 00:00:00'),
(70, 222, 3581, 3, '2015-05-18 00:00:00', '2015-05-18 00:00:00'),
(71, 222, 3582, 3, '2015-05-18 00:00:00', '2015-05-18 00:00:00'),
(72, 222, 3583, 3, '2015-05-18 00:00:00', '2015-05-18 00:00:00'),
(73, 222, 3584, 3, '2015-05-18 00:00:00', '2015-05-18 00:00:00'),
(74, 222, 3585, 3, '2015-05-18 00:00:00', '2015-05-18 00:00:00'),
(75, 222, 3586, 3, '2015-05-18 00:00:00', '2015-05-18 00:00:00'),
(76, 222, 3587, 3, '2015-05-18 00:00:00', '2015-05-18 00:00:00'),
(77, 222, 3588, 3, '2015-05-18 00:00:00', '2015-05-18 00:00:00'),
(78, 222, 3589, 3, '2015-05-18 00:00:00', '2015-05-18 00:00:00'),
(79, 222, 3590, 3, '2015-05-18 00:00:00', '2015-05-18 00:00:00'),
(80, 222, 3591, 3, '2015-05-18 00:00:00', '2015-05-18 00:00:00'),
(81, 222, 3592, 3, '2015-05-18 00:00:00', '2015-05-18 00:00:00'),
(82, 222, 3593, 3, '2015-05-18 00:00:00', '2015-05-18 00:00:00'),
(83, 222, 3594, 3, '2015-05-18 00:00:00', '2015-05-18 00:00:00'),
(84, 222, 3595, 3, '2015-05-18 00:00:00', '2015-05-18 00:00:00'),
(85, 222, 3596, 3, '2015-05-18 00:00:00', '2015-05-18 00:00:00'),
(86, 222, 3597, 3, '2015-05-18 00:00:00', '2015-05-18 00:00:00'),
(87, 222, 3598, 3, '2015-05-18 00:00:00', '2015-05-18 00:00:00'),
(88, 222, 3599, 3, '2015-05-18 00:00:00', '2015-05-18 00:00:00'),
(89, 222, 3600, 3, '2015-05-18 00:00:00', '2015-05-18 00:00:00'),
(90, 222, 3601, 3, '2015-05-18 00:00:00', '2015-05-18 00:00:00'),
(91, 222, 3602, 3, '2015-05-18 00:00:00', '2015-05-18 00:00:00'),
(92, 222, 3603, 3, '2015-05-18 00:00:00', '2015-05-18 00:00:00'),
(93, 222, 3604, 3, '2015-05-18 00:00:00', '2015-05-18 00:00:00'),
(94, 222, 3605, 3, '2015-05-18 00:00:00', '2015-05-18 00:00:00'),
(95, 222, 3606, 3, '2015-05-18 00:00:00', '2015-05-18 00:00:00'),
(96, 222, 3607, 3, '2015-05-18 00:00:00', '2015-05-18 00:00:00'),
(97, 222, 3608, 3, '2015-05-18 00:00:00', '2015-05-18 00:00:00'),
(98, 222, 3609, 3, '2015-05-18 00:00:00', '2015-05-18 00:00:00'),
(99, 222, 3610, 3, '2015-05-18 00:00:00', '2015-05-18 00:00:00'),
(100, 222, 3611, 3, '2015-05-18 00:00:00', '2015-05-18 00:00:00'),
(101, 222, 3612, 3, '2015-05-18 00:00:00', '2015-05-18 00:00:00'),
(102, 222, 3949, 3, '2015-05-18 00:00:00', '2015-05-18 00:00:00'),
(103, 222, 3950, 3, '2015-05-18 00:00:00', '2015-05-18 00:00:00'),
(104, 222, 3951, 3, '2015-05-18 00:00:00', '2015-05-18 00:00:00'),
(105, 222, 3952, 3, '2015-05-18 00:00:00', '2015-05-18 00:00:00'),
(106, 222, 3953, 3, '2015-05-18 00:00:00', '2015-05-18 00:00:00'),
(107, 222, 3954, 3, '2015-05-18 00:00:00', '2015-05-18 00:00:00'),
(108, 222, 3955, 3, '2015-05-18 00:00:00', '2015-05-18 00:00:00'),
(109, 222, 3972, 3, '2015-05-18 00:00:00', '2015-05-18 00:00:00');
